Workbook

Sheet Executive Dashboard
B2: Social Media Sentiment Analysis Dashboard
B3: Public Opinion & Brand Attitude Pattern Tracking
B5: Total Tweets Analyzed | D5: Positive Sentiment | F5: Negative Sentiment | H5: Neutral / Irrelevant
B6: 20 | D6: 7 | F6: 6 | H6: 7
B9: 1. Overall Sentiment Distribution
B11: Sentiment Metric | C11: Volume | D11: Percentage
B12: Positive | C12: =COUNTIF('Social Media Data'!C2:C21, "Positive") -> 7 | D12: =C12/SUM(C$12:C$15) -> 0.35
B13: Negative | C13: =COUNTIF('Social Media Data'!C2:C21, "Negative") -> 6 | D13: =C13/SUM(C$12:C$15) -> 0.3
B14: Neutral | C14: =COUNTIF('Social Media Data'!C2:C21, "Neutral") -> 5 | D14: =C14/SUM(C$12:C$15) -> 0.25
B15: Irrelevant | C15: =COUNTIF('Social Media Data'!C2:C21, "Irrelevant") -> 2 | D15: =C15/SUM(C$12:C$15) -> 0.1
B16: Total | C16: =SUM(C12:C15) -> 20 | D16: =SUM(D12:D15) -> 1
B19: 2. Sentiment Pattern Matrix Across Brands
B21: Brand / Entity | C21: Positive | D21: Negative | E21: Neutral | F21: Irrelevant | G21: Total Ratio
B22: Borderlands | C22: =COUNTIFS('Social Media Data'!B$2:B$21, B22, 'Social Media Data'!C$2:C$21, "Positive") -> 3 | D22: =COUNTIFS('Social Media Data'!B$2:B$21, B22, 'Social Media Data'!C$2:C$21, "Negative") -> 1 | E22: =COUNTIFS('Social Media Data'!B$2:B$21, B22, 'Social Media Data'!C$2:C$21, "Neutral") -> 1 | F22: =COUNTIFS('Social Media Data'!B$2:B$21, B22, 'Social Media Data'!C$2:C$21, "Irrelevant") -> 0 | G22: =SUM(C22:F22) -> 5
B23: Microsoft | C23: =COUNTIFS('Social Media Data'!B$2:B$21, B23, 'Social Media Data'!C$2:C$21, "Positive") -> 1 | D23: =COUNTIFS('Social Media Data'!B$2:B$21, B23, 'Social Media Data'!C$2:C$21, "Negative") -> 1 | E23: =COUNTIFS('Social Media Data'!B$2:B$21, B23, 'Social Media Data'!C$2:C$21, "Neutral") -> 1 | F23: =COUNTIFS('Social Media Data'!B$2:B$21, B23, 'Social Media Data'!C$2:C$21, "Irrelevant") -> 1 | G23: =SUM(C23:F23) -> 4
B24: Google | C24: =COUNTIFS('Social Media Data'!B$2:B$21, B24, 'Social Media Data'!C$2:C$21, "Positive") -> 1 | D24: =COUNTIFS('Social Media Data'!B$2:B$21, B24, 'Social Media Data'!C$2:C$21, "Negative") -> 1 | E24: =COUNTIFS('Social Media Data'!B$2:B$21, B24, 'Social Media Data'!C$2:C$21, "Neutral") -> 1 | F24: =COUNTIFS('Social Media Data'!B$2:B$21, B24, 'Social Media Data'!C$2:C$21, "Irrelevant") -> 0 | G24: =SUM(C24:F24) -> 3
B25: Amazon | C25: =COUNTIFS('Social Media Data'!B$2:B$21, B25, 'Social Media Data'!C$2:C$21, "Positive") -> 1 | D25: =COUNTIFS('Social Media Data'!B$2:B$21, B25, 'Social Media Data'!C$2:C$21, "Negative") -> 1 | E25: =COUNTIFS('Social Media Data'!B$2:B$21, B25, 'Social Media Data'!C$2:C$21, "Neutral") -> 1 | F25: =COUNTIFS('Social Media Data'!B$2:B$21, B25, 'Social Media Data'!C$2:C$21, "Irrelevant") -> 0 | G25: =SUM(C25:F25) -> 3
B26: ApexLegends | C26: =COUNTIFS('Social Media Data'!B$2:B$21, B26, 'Social Media Data'!C$2:C$21, "Positive") -> 1 | D26: =COUNTIFS('Social Media Data'!B$2:B$21, B26, 'Social Media Data'!C$2:C$21, "Negative") -> 1 | E26: =COUNTIFS('Social Media Data'!B$2:B$21, B26, 'Social Media Data'!C$2:C$21, "Neutral") -> 0 | F26: =COUNTIFS('Social Media Data'!B$2:B$21, B26, 'Social Media Data'!C$2:C$21, "Irrelevant") -> 1 | G26: =SUM(C26:F26) -> 3
B27: Facebook | C27: =COUNTIFS('Social Media Data'!B$2:B$21, B27, 'Social Media Data'!C$2:C$21, "Positive") -> 0 | D27: =COUNTIFS('Social Media Data'!B$2:B$21, B27, 'Social Media Data'!C$2:C$21, "Negative") -> 1 | E27: =COUNTIFS('Social Media Data'!B$2:B$21, B27, 'Social Media Data'!C$2:C$21, "Neutral") -> 1 | F27: =COUNTIFS('Social Media Data'!B$2:B$21, B27, 'Social Media Data'!C$2:C$21, "Irrelevant") -> 0 | G27: =SUM(C27:F27) -> 2
B28: Total Posts | C28: =SUM(C22:C27) -> 7 | D28: =SUM(D22:D27) -> 6 | E28: =SUM(E22:E27) -> 5 | F28: =SUM(F22:F27) -> 2 | G28: =SUM(G22:G27) -> 20

Sheet Social Media Data
A1: Tweet ID | B1: Entity / Brand | C1: Sentiment Polarity | D1: Tweet Content
A2: 2401 | B2: Borderlands | C2: Positive | D2: I am getting on Borderlands and i will murder you all,
A3: 2401 | B3: Borderlands | C3: Positive | D3: So I spent a few hours making something for fun. If you don't know Borderlands is a franchise I absolutely love.
A4: 2402 | B4: Borderlands | C4: Neutral | D4: Rock-hard Rock-hard Southernamf&nbsp; Reddit to look back at the corporate takeovers...
A5: 2403 | B5: Borderlands | C5: Negative | D5: Borderlands 3 is a complete mess and the performance is garbage on PS4 Pro.
A6: 2404 | B6: Borderlands | C6: Positive | D6: That was the best stream ever thanks to everyone who came out to support!
A7: 3112 | B7: Microsoft | C7: Negative | D7: Microsoft is really screwing over users with this new mandatory Windows update.
A8: 3113 | B8: Microsoft | C8: Neutral | D8: Microsoft announces new Azure cloud infrastructure expansion in Europe.
A9: 3114 | B9: Microsoft | C9: Positive | D9: The new Surface Laptop is incredibly snappy and lightweight. Absolute win.
A10: 3115 | B10: Microsoft | C10: Irrelevant | D10: Just saw a bird outside my window while typing this Microsoft Word document.
A11: 4521 | B11: Google | C11: Positive | D11: Google Pixel 8 camera is unparalleled. The night sight photo quality is insane.
A12: 4522 | B12: Google | C12: Negative | D12: Google search results are getting worse and more ad-filled every single day.
A13: 4523 | B13: Google | C13: Neutral | D13: Google scheduled its annual developer conference for mid-May.
... A21: 7202 | B21: Facebook | C21: Neutral | D21: Facebook is rebranding some of its internal internal UI interfaces.
